image_url_1,image_A1_url,image_B1_url,image_url_2,image_A2_url,image_B2_url,image_url_3,image_A3_url,image_B3_url,image_url_4,image_A4_url,image_B4_url,image_url_5,image_A5_url,image_B5_url,image_url_6,image_A6_url,image_B6_url,image_url_7,image_A7_url,image_B7_url,image_url_8,image_A8_url,image_B8_url,image_url_9,image_A9_url,image_B9_url,image_url_10,image_A10_url,image_B10_url
R13_1065_O_N_original.png,R13_1065_O_N_l2.png,R13_1065_O_N_l2diff.png,R13_250_N_~_original.png,R13_250_N_~_l2.png,R13_250_N_~_l2diff.png,R13_329_O_A_original.png,R13_329_O_A_l2.png,R13_329_O_A_l2diff.png,R13_365_N_O_original.png,R13_365_N_O_l2diff.png,R13_365_N_O_l2.png,R13_3863_A_N_original.png,R13_3863_A_N_l2.png,R13_3863_A_N_l2diff.png,R13_4251_~_O_original.png,R13_4251_~_O_l2diff.png,R13_4251_~_O_l2.png,R13_4966_~_A_original.png,R13_4966_~_A_l2.png,R13_4966_~_A_l2diff.png,R13_5076_~_N_original.png,R13_5076_~_N_l2diff.png,R13_5076_~_N_l2.png,R13_5935_A_O_original.png,R13_5935_A_O_l2.png,R13_5935_A_O_l2diff.png,R13_6285_A_~_original.png,R13_6285_A_~_l2.png,R13_6285_A_~_l2diff.png
R25_4349_A_N_original.png,R25_4349_A_N_l2diff.png,R25_4349_A_N_l2.png,R25_4522_~_N_original.png,R25_4522_~_N_l2diff.png,R25_4522_~_N_l2.png,R25_454_N_O_original.png,R25_454_N_O_l2diff.png,R25_454_N_O_l2.png,R25_4658_A_O_original.png,R25_4658_A_O_l2diff.png,R25_4658_A_O_l2.png,R25_505_N_A_original.png,R25_505_N_A_l2diff.png,R25_505_N_A_l2.png,R25_6526_A_~_original.png,R25_6526_A_~_l2diff.png,R25_6526_A_~_l2.png,R25_699_O_~_original.png,R25_699_O_~_l2.png,R25_699_O_~_l2diff.png,R25_906_O_N_original.png,R25_906_O_N_l2diff.png,R25_906_O_N_l2.png,R26_1124_O_~_original.png,R26_1124_O_~_l2diff.png,R26_1124_O_~_l2.png,R26_1461_O_A_original.png,R26_1461_O_A_l2diff.png,R26_1461_O_A_l2.png
R41_5789_A_O_original.png,R41_5789_A_O_l2diff.png,R41_5789_A_O_l2.png,R41_6_N_A_original.png,R41_6_N_A_l2diff.png,R41_6_N_A_l2.png,R41_7198_~_N_original.png,R41_7198_~_N_l2.png,R41_7198_~_N_l2diff.png,R41_758_N_~_original.png,R41_758_N_~_l2diff.png,R41_758_N_~_l2.png,R42_1019_A_N_original.png,R42_1019_A_N_l2diff.png,R42_1019_A_N_l2.png,R42_1275_~_O_original.png,R42_1275_~_O_l2diff.png,R42_1275_~_O_l2.png,R42_1370_A_O_original.png,R42_1370_A_O_l2.png,R42_1370_A_O_l2diff.png,R42_1852_O_A_original.png,R42_1852_O_A_l2diff.png,R42_1852_O_A_l2.png,R42_2005_O_N_original.png,R42_2005_O_N_l2diff.png,R42_2005_O_N_l2.png,R42_2053_O_~_original.png,R42_2053_O_~_l2.png,R42_2053_O_~_l2diff.png
R22_10_N_~_original.png,R22_10_N_~_l2diff.png,R22_10_N_~_l2.png,R22_1246_~_N_original.png,R22_1246_~_N_l2.png,R22_1246_~_N_l2diff.png,R22_1583_O_N_original.png,R22_1583_O_N_l2.png,R22_1583_O_N_l2diff.png,R22_1627_O_~_original.png,R22_1627_O_~_l2diff.png,R22_1627_O_~_l2.png,R22_1753_A_~_original.png,R22_1753_A_~_l2.png,R22_1753_A_~_l2diff.png,R22_2695_A_N_original.png,R22_2695_A_N_l2.png,R22_2695_A_N_l2diff.png,R22_304_N_O_original.png,R22_304_N_O_l2.png,R22_304_N_O_l2diff.png,R22_3596_~_A_original.png,R22_3596_~_A_l2diff.png,R22_3596_~_A_l2.png,R22_409_N_A_original.png,R22_409_N_A_l2diff.png,R22_409_N_A_l2.png,R22_4282_~_O_original.png,R22_4282_~_O_l2.png,R22_4282_~_O_l2diff.png
R45_7322_~_N_original.png,R45_7322_~_N_l2.png,R45_7322_~_N_l2diff.png,R45_796_N_O_original.png,R45_796_N_O_l2diff.png,R45_796_N_O_l2.png,R46_104_N_A_original.png,R46_104_N_A_l2.png,R46_104_N_A_l2diff.png,R46_1286_O_A_original.png,R46_1286_O_A_l2.png,R46_1286_O_A_l2diff.png,R46_188_N_O_original.png,R46_188_N_O_l2diff.png,R46_188_N_O_l2.png,R46_2607_~_A_original.png,R46_2607_~_A_l2.png,R46_2607_~_A_l2diff.png,R46_2730_~_N_original.png,R46_2730_~_N_l2.png,R46_2730_~_N_l2diff.png,R46_311_N_~_original.png,R46_311_N_~_l2.png,R46_311_N_~_l2diff.png,R46_413_O_~_original.png,R46_413_O_~_l2diff.png,R46_413_O_~_l2.png,R46_439_A_N_original.png,R46_439_A_N_l2diff.png,R46_439_A_N_l2.png
R2_5571_~_O_original.png,R2_5571_~_O_l2diff.png,R2_5571_~_O_l2.png,R2_599_N_O_original.png,R2_599_N_O_l2.png,R2_599_N_O_l2diff.png,R2_65_O_~_original.png,R2_65_O_~_l2.png,R2_65_O_~_l2diff.png,R2_696_O_A_original.png,R2_696_O_A_l2diff.png,R2_696_O_A_l2.png,R2_761_~_A_original.png,R2_761_~_A_l2diff.png,R2_761_~_A_l2.png,R2_867_A_O_original.png,R2_867_A_O_l2.png,R2_867_A_O_l2diff.png,R20_1175_O_~_original.png,R20_1175_O_~_l2.png,R20_1175_O_~_l2diff.png,R20_1938_~_N_original.png,R20_1938_~_N_l2diff.png,R20_1938_~_N_l2.png,R20_25_N_~_original.png,R20_25_N_~_l2diff.png,R20_25_N_~_l2.png,R20_2730_~_A_original.png,R20_2730_~_A_l2.png,R20_2730_~_A_l2diff.png
R10_531_N_~_original.png,R10_531_N_~_l2.png,R10_531_N_~_l2diff.png,R10_5365_~_N_original.png,R10_5365_~_N_l2diff.png,R10_5365_~_N_l2.png,R10_5616_A_N_original.png,R10_5616_A_N_l2.png,R10_5616_A_N_l2diff.png,R10_5955_A_~_original.png,R10_5955_A_~_l2.png,R10_5955_A_~_l2diff.png,R10_6519_~_O_original.png,R10_6519_~_O_l2.png,R10_6519_~_O_l2diff.png,R10_972_A_O_original.png,R10_972_A_O_l2diff.png,R10_972_A_O_l2.png,R11_1068_O_~_original.png,R11_1068_O_~_l2diff.png,R11_1068_O_~_l2.png,R11_2024_O_N_original.png,R11_2024_O_N_l2diff.png,R11_2024_O_N_l2.png,R11_26_N_O_original.png,R11_26_N_O_l2.png,R11_26_N_O_l2diff.png,R11_2785_~_N_original.png,R11_2785_~_N_l2diff.png,R11_2785_~_N_l2.png
R12_130_N_O_original.png,R12_130_N_O_l2diff.png,R12_130_N_O_l2.png,R12_1466_O_N_original.png,R12_1466_O_N_l2diff.png,R12_1466_O_N_l2.png,R12_1727_~_N_original.png,R12_1727_~_N_l2diff.png,R12_1727_~_N_l2.png,R12_1776_A_N_original.png,R12_1776_A_N_l2diff.png,R12_1776_A_N_l2.png,R12_2479_~_A_original.png,R12_2479_~_A_l2.png,R12_2479_~_A_l2diff.png,R12_434_O_A_original.png,R12_434_O_A_l2diff.png,R12_434_O_A_l2.png,R12_6955_A_O_original.png,R12_6955_A_O_l2.png,R12_6955_A_O_l2diff.png,R12_6991_A_~_original.png,R12_6991_A_~_l2.png,R12_6991_A_~_l2diff.png,R12_761_~_O_original.png,R12_761_~_O_l2diff.png,R12_761_~_O_l2.png,R12_927_O_~_original.png,R12_927_O_~_l2diff.png,R12_927_O_~_l2.png
R7_2833_~_N_original.png,R7_2833_~_N_l2.png,R7_2833_~_N_l2diff.png,R7_289_N_A_original.png,R7_289_N_A_l2diff.png,R7_289_N_A_l2.png,R7_3657_A_~_original.png,R7_3657_A_~_l2diff.png,R7_3657_A_~_l2.png,R7_367_N_~_original.png,R7_367_N_~_l2.png,R7_367_N_~_l2diff.png,R7_4658_A_N_original.png,R7_4658_A_N_l2diff.png,R7_4658_A_N_l2.png,R7_4853_~_A_original.png,R7_4853_~_A_l2diff.png,R7_4853_~_A_l2.png,R8_1299_~_N_original.png,R8_1299_~_N_l2.png,R8_1299_~_N_l2diff.png,R8_1642_A_~_original.png,R8_1642_A_~_l2.png,R8_1642_A_~_l2diff.png,R8_2364_~_O_original.png,R8_2364_~_O_l2diff.png,R8_2364_~_O_l2.png,R8_3501_A_N_original.png,R8_3501_A_N_l2.png,R8_3501_A_N_l2diff.png
R31_133_O_~_original.png,R31_133_O_~_l2.png,R31_133_O_~_l2diff.png,R31_1691_A_O_original.png,R31_1691_A_O_l2diff.png,R31_1691_A_O_l2.png,R31_219_N_A_original.png,R31_219_N_A_l2.png,R31_219_N_A_l2diff.png,R31_358_N_O_original.png,R31_358_N_O_l2diff.png,R31_358_N_O_l2.png,R31_522_O_A_original.png,R31_522_O_A_l2diff.png,R31_522_O_A_l2.png,R31_5987_A_N_original.png,R31_5987_A_N_l2diff.png,R31_5987_A_N_l2.png,R31_6157_~_A_original.png,R31_6157_~_A_l2diff.png,R31_6157_~_A_l2.png,R31_7180_~_O_original.png,R31_7180_~_O_l2.png,R31_7180_~_O_l2diff.png,R31_7320_~_N_original.png,R31_7320_~_N_l2.png,R31_7320_~_N_l2diff.png,R31_755_N_~_original.png,R31_755_N_~_l2diff.png,R31_755_N_~_l2.png
R32_474_~_O_original.png,R32_474_~_O_l2.png,R32_474_~_O_l2diff.png,R32_5140_A_N_original.png,R32_5140_A_N_l2.png,R32_5140_A_N_l2diff.png,R32_6241_~_N_original.png,R32_6241_~_N_l2diff.png,R32_6241_~_N_l2.png,R32_96_O_~_original.png,R32_96_O_~_l2diff.png,R32_96_O_~_l2.png,R33_1469_O_A_original.png,R33_1469_O_A_l2.png,R33_1469_O_A_l2diff.png,R33_1703_~_O_original.png,R33_1703_~_O_l2.png,R33_1703_~_O_l2diff.png,R33_282_A_O_original.png,R33_282_A_O_l2.png,R33_282_A_O_l2diff.png,R33_354_N_~_original.png,R33_354_N_~_l2diff.png,R33_354_N_~_l2.png,R33_474_~_A_original.png,R33_474_~_A_l2.png,R33_474_~_A_l2diff.png,R33_4805_~_N_original.png,R33_4805_~_N_l2diff.png,R33_4805_~_N_l2.png
R49_16_N_~_original.png,R49_16_N_~_l2.png,R49_16_N_~_l2diff.png,R49_356_N_O_original.png,R49_356_N_O_l2diff.png,R49_356_N_O_l2.png,R49_4133_~_N_original.png,R49_4133_~_N_l2.png,R49_4133_~_N_l2diff.png,R49_5_A_O_original.png,R49_5_A_O_l2diff.png,R49_5_A_O_l2.png,R49_5056_~_O_original.png,R49_5056_~_O_l2diff.png,R49_5056_~_O_l2.png,R49_5293_A_N_original.png,R49_5293_A_N_l2.png,R49_5293_A_N_l2diff.png,R49_5592_~_A_original.png,R49_5592_~_A_l2diff.png,R49_5592_~_A_l2.png,R49_572_O_A_original.png,R49_572_O_A_l2diff.png,R49_572_O_A_l2.png,R49_616_N_A_original.png,R49_616_N_A_l2diff.png,R49_616_N_A_l2.png,R49_939_A_~_original.png,R49_939_A_~_l2.png,R49_939_A_~_l2diff.png
R39_3118_~_N_original.png,R39_3118_~_N_l2diff.png,R39_3118_~_N_l2.png,R39_3508_A_N_original.png,R39_3508_A_N_l2.png,R39_3508_A_N_l2diff.png,R39_352_N_A_original.png,R39_352_N_A_l2.png,R39_352_N_A_l2diff.png,R39_3660_A_O_original.png,R39_3660_A_O_l2diff.png,R39_3660_A_O_l2.png,R39_370_~_O_original.png,R39_370_~_O_l2diff.png,R39_370_~_O_l2.png,R39_3738_~_A_original.png,R39_3738_~_A_l2.png,R39_3738_~_A_l2diff.png,R39_627_N_O_original.png,R39_627_N_O_l2.png,R39_627_N_O_l2diff.png,R39_6860_A_~_original.png,R39_6860_A_~_l2.png,R39_6860_A_~_l2diff.png,R4_1100_O_A_original.png,R4_1100_O_A_l2diff.png,R4_1100_O_A_l2.png,R4_2150_A_~_original.png,R4_2150_A_~_l2.png,R4_2150_A_~_l2diff.png
R21_2499_A_O_original.png,R21_2499_A_O_l2diff.png,R21_2499_A_O_l2.png,R21_28_N_~_original.png,R21_28_N_~_l2.png,R21_28_N_~_l2diff.png,R21_289_N_O_original.png,R21_289_N_O_l2diff.png,R21_289_N_O_l2.png,R21_298_O_N_original.png,R21_298_O_N_l2.png,R21_298_O_N_l2diff.png,R21_34_~_N_original.png,R21_34_~_N_l2.png,R21_34_~_N_l2diff.png,R21_367_N_A_original.png,R21_367_N_A_l2diff.png,R21_367_N_A_l2.png,R21_4207_A_N_original.png,R21_4207_A_N_l2diff.png,R21_4207_A_N_l2.png,R21_4853_~_O_original.png,R21_4853_~_O_l2.png,R21_4853_~_O_l2diff.png,R21_746_O_A_original.png,R21_746_O_A_l2.png,R21_746_O_A_l2diff.png,R21_813_~_A_original.png,R21_813_~_A_l2diff.png,R21_813_~_A_l2.png
